"Hostname","IP","Platform","Capabilities","Local Interface","Remote Interface","Version"
"ENCORE-HUB305-B.encore.ncl.com","10.70.0.112","cisco WS-C4510R+E","Switch IGMP","TenGigabitEthernet2/2/13","TenGigabitEthernet6/2","Cisco IOS Software, IOS-XE Software, Catalyst 4500 L3 Switch  Software (cat4500es8-UNIVERSALK9-M), Version 03.08.06.E RELEASE SOFTWARE (fc4)"
"ENCORE-HUB305-B.encore.ncl.com","10.70.0.112","cisco WS-C4510R+E","Switch IGMP","TenGigabitEthernet1/2/13","TenGigabitEthernet6/1","Cisco IOS Software, IOS-XE Software, Catalyst 4500 L3 Switch  Software (cat4500es8-UNIVERSALK9-M), Version 03.08.06.E RELEASE SOFTWARE (fc4)"
"ENCORE-HUB305-B.encore.ncl.com","10.70.0.112","cisco WS-C4510R+E","Switch IGMP","TenGigabitEthernet1/1/13","TenGigabitEthernet5/1","Cisco IOS Software, IOS-XE Software, Catalyst 4500 L3 Switch  Software (cat4500es8-UNIVERSALK9-M), Version 03.08.06.E RELEASE SOFTWARE (fc4)"
"ENCORE-HUB305-B.encore.ncl.com","10.70.0.112","cisco WS-C4510R+E","Switch IGMP","TenGigabitEthernet2/1/13","TenGigabitEthernet5/2","Cisco IOS Software, IOS-XE Software, Catalyst 4500 L3 Switch  Software (cat4500es8-UNIVERSALK9-M), Version 03.08.06.E RELEASE SOFTWARE (fc4)"
"ENCORE-HUB305-Encoder.encore.ncl.com","10.70.0.212","cisco WS-C3850-48T","Switch IGMP","TenGigabitEthernet2/5/13","TenGigabitEthernet1/1/4","Cisco IOS Software [Denali], Catalyst L3 Switch Software (CAT3K_CAA-UNIVERSALK9-M), Version 16.3.6, RELEASE SOFTWARE (fc3)"
"ENCORE-HUB305-Encoder.encore.ncl.com","10.70.0.212","cisco WS-C3850-48T","Switch IGMP","TenGigabitEthernet1/5/13","TenGigabitEthernet1/1/3","Cisco IOS Software [Denali], Catalyst L3 Switch Software (CAT3K_CAA-UNIVERSALK9-M), Version 16.3.6, RELEASE SOFTWARE (fc3)"
"ENCORE-WLC-Standby","10.70.0.250","AIR-CT8540-K9","Host","TenGigabitEthernet2/1/32","TenGigabitEthernet0/0/1","Manufacturer's Name: Cisco Systems Inc.  Product Name: Cisco Controller  Product Version: 8.8.125.0  RTOS Version: 8.8.125.0  Bootloader Version: 8.1.102.0  Build Type: DATA + WPS"
"ENCORE-WLC-Standby","10.70.0.250","AIR-CT8540-K9","Host","TenGigabitEthernet2/5/32","TenGigabitEthernet0/0/2","Manufacturer's Name: Cisco Systems Inc.  Product Name: Cisco Controller  Product Version: 8.8.125.0  RTOS Version: 8.8.125.0  Bootloader Version: 8.1.102.0  Build Type: DATA + WPS"
"ENCORE-WLC-Standby","10.70.0.250","AIR-CT8540-K9","Host","TenGigabitEthernet2/6/1","TenGigabitEthernet0/0/3","Manufacturer's Name: Cisco Systems Inc.  Product Name: Cisco Controller  Product Version: 8.8.125.0  RTOS Version: 8.8.125.0  Bootloader Version: 8.1.102.0  Build Type: DATA + WPS"
"ENCORE-WLC-Standby","10.70.0.250","AIR-CT8540-K9","Host","TenGigabitEthernet2/6/2","TenGigabitEthernet0/0/4","Manufacturer's Name: Cisco Systems Inc.  Product Name: Cisco Controller  Product Version: 8.8.125.0  RTOS Version: 8.8.125.0  Bootloader Version: 8.1.102.0  Build Type: DATA + WPS"
"ENCORE-HUB504-A.Encore.ncl.com","10.70.0.121","cisco WS-C4507R+E","Switch IGMP","TenGigabitEthernet2/2/22","TenGigabitEthernet4/2","Cisco IOS Software, IOS-XE Software, Catalyst 4500 L3 Switch  Software (cat4500es8-UNIVERSALK9-M), Version 03.08.06.E RELEASE SOFTWARE (fc4)"
"ENCORE-HUB504-A.Encore.ncl.com","10.70.0.121","cisco WS-C4507R+E","Switch IGMP","TenGigabitEthernet1/2/22","TenGigabitEthernet4/1","Cisco IOS Software, IOS-XE Software, Catalyst 4500 L3 Switch  Software (cat4500es8-UNIVERSALK9-M), Version 03.08.06.E RELEASE SOFTWARE (fc4)"
"ENCORE-HUB504-A.Encore.ncl.com","10.70.0.121","cisco WS-C4507R+E","Switch IGMP","TenGigabitEthernet2/1/22","TenGigabitEthernet3/2","Cisco IOS Software, IOS-XE Software, Catalyst 4500 L3 Switch  Software (cat4500es8-UNIVERSALK9-M), Version 03.08.06.E RELEASE SOFTWARE (fc4)"
"ENCORE-HUB504-A.Encore.ncl.com","10.70.0.121","cisco WS-C4507R+E","Switch IGMP","TenGigabitEthernet1/1/22","TenGigabitEthernet3/1","Cisco IOS Software, IOS-XE Software, Catalyst 4500 L3 Switch  Software (cat4500es8-UNIVERSALK9-M), Version 03.08.06.E RELEASE SOFTWARE (fc4)"
"ENCORE-HUB504-B.Encore.ncl.com","10.70.0.122","cisco WS-C4510R+E","Switch IGMP","TenGigabitEthernet1/2/23","TenGigabitEthernet6/1","Cisco IOS Software, IOS-XE Software, Catalyst 4500 L3 Switch  Software (cat4500es8-UNIVERSALK9-M), Version 03.08.06.E RELEASE SOFTWARE (fc4)"
"ENCORE-HUB504-B.Encore.ncl.com","10.70.0.122","cisco WS-C4510R+E","Switch IGMP","TenGigabitEthernet1/1/23","TenGigabitEthernet5/1","Cisco IOS Software, IOS-XE Software, Catalyst 4500 L3 Switch  Software (cat4500es8-UNIVERSALK9-M), Version 03.08.06.E RELEASE SOFTWARE (fc4)"
"ENCORE-HUB504-B.Encore.ncl.com","10.70.0.122","cisco WS-C4510R+E","Switch IGMP","TenGigabitEthernet2/2/23","TenGigabitEthernet6/2","Cisco IOS Software, IOS-XE Software, Catalyst 4500 L3 Switch  Software (cat4500es8-UNIVERSALK9-M), Version 03.08.06.E RELEASE SOFTWARE (fc4)"
"ENCORE-HUB504-B.Encore.ncl.com","10.70.0.122","cisco WS-C4510R+E","Switch IGMP","TenGigabitEthernet2/1/23","TenGigabitEthernet5/2","Cisco IOS Software, IOS-XE Software, Catalyst 4500 L3 Switch  Software (cat4500es8-UNIVERSALK9-M), Version 03.08.06.E RELEASE SOFTWARE (fc4)"
"ENCORE-HUB305-A.Encore.ncl.com","10.70.0.111","cisco WS-C4507R+E","Switch IGMP","TenGigabitEthernet2/2/12","TenGigabitEthernet4/2","Cisco IOS Software, IOS-XE Software, Catalyst 4500 L3 Switch  Software (cat4500es8-UNIVERSALK9-M), Version 03.08.06.E RELEASE SOFTWARE (fc4)"
"ENCORE-HUB305-A.Encore.ncl.com","10.70.0.111","cisco WS-C4507R+E","Switch IGMP","TenGigabitEthernet1/2/12","TenGigabitEthernet4/1","Cisco IOS Software, IOS-XE Software, Catalyst 4500 L3 Switch  Software (cat4500es8-UNIVERSALK9-M), Version 03.08.06.E RELEASE SOFTWARE (fc4)"
"ENCORE-HUB305-A.Encore.ncl.com","10.70.0.111","cisco WS-C4507R+E","Switch IGMP","TenGigabitEthernet2/1/12","TenGigabitEthernet3/2","Cisco IOS Software, IOS-XE Software, Catalyst 4500 L3 Switch  Software (cat4500es8-UNIVERSALK9-M), Version 03.08.06.E RELEASE SOFTWARE (fc4)"
"ENCORE-HUB305-A.Encore.ncl.com","10.70.0.111","cisco WS-C4507R+E","Switch IGMP","TenGigabitEthernet1/1/12","TenGigabitEthernet3/1","Cisco IOS Software, IOS-XE Software, Catalyst 4500 L3 Switch  Software (cat4500es8-UNIVERSALK9-M), Version 03.08.06.E RELEASE SOFTWARE (fc4)"
"ENCORE-3850-HUB609.encore.ncl.com","10.0.54.1","cisco WS-C3850-24XU","Switch IGMP","TenGigabitEthernet2/5/28","TenGigabitEthernet2/1/4","Cisco IOS Software [Denali], Catalyst L3 Switch Software (CAT3K_CAA-UNIVERSALK9-M), Version 16.3.6, RELEASE SOFTWARE (fc3)"
"ENCORE-3850-HUB609.encore.ncl.com","10.0.54.1","cisco WS-C3850-24XU","Switch IGMP","TenGigabitEthernet1/5/28","TenGigabitEthernet1/1/4","Cisco IOS Software [Denali], Catalyst L3 Switch Software (CAT3K_CAA-UNIVERSALK9-M), Version 16.3.6, RELEASE SOFTWARE (fc3)"
"ENCORE-3850-HUB209.encore.ncl.com","10.0.14.1","cisco WS-C3850-24XU","Switch IGMP","TenGigabitEthernet1/5/7","TenGigabitEthernet1/1/4","Cisco IOS Software [Denali], Catalyst L3 Switch Software (CAT3K_CAA-UNIVERSALK9-M), Version 16.3.6, RELEASE SOFTWARE (fc3)"
"ENCORE-3850-HUB209.encore.ncl.com","10.0.14.1","cisco WS-C3850-24XU","Switch IGMP","TenGigabitEthernet2/5/7","TenGigabitEthernet3/1/4","Cisco IOS Software [Denali], Catalyst L3 Switch Software (CAT3K_CAA-UNIVERSALK9-M), Version 16.3.6, RELEASE SOFTWARE (fc3)"
"ENCORE-DC304-9K-SW01(FDO21202MJE)","10.70.0.8","N9K-C93180YC-EX","Router Switch IGMP CVTA phone port","TenGigabitEthernet2/6/3","Ethernet1/54","Cisco Nexus Operating System (NX-OS) Software, Version 7.0(3)I7(8)"
"ENCORE-DC304-9K-SW01(FDO21202MJE)","10.70.0.8","N9K-C93180YC-EX","Router Switch IGMP CVTA phone port","TenGigabitEthernet2/2/31","Ethernet1/53","Cisco Nexus Operating System (NX-OS) Software, Version 7.0(3)I7(8)"
"ENCORE-DC304-9K-SW01(FDO21202MJE)","10.70.0.8","N9K-C93180YC-EX","Router Switch CVTA phone port","GigabitEthernet2/7/48","mgmt0","Cisco Nexus Operating System (NX-OS) Software, Version 7.0(3)I7(8)"
"ENCORE-HUB613.Encore.ncl.com","10.70.0.129","cisco WS-C4510R+E","Switch IGMP","TenGigabitEthernet1/1/30","TenGigabitEthernet5/1","Cisco IOS Software, IOS-XE Software, Catalyst 4500 L3 Switch  Software (cat4500es8-UNIVERSALK9-M), Version 03.08.06.E RELEASE SOFTWARE (fc4)"
"ENCORE-HUB206.Encore.ncl.com","10.70.0.105","cisco WS-C4510R+E","Switch IGMP","TenGigabitEthernet1/2/6","TenGigabitEthernet6/1","Cisco IOS Software, IOS-XE Software, Catalyst 4500 L3 Switch  Software (cat4500es8-UNIVERSALK9-M), Version 03.08.06.E RELEASE SOFTWARE (fc4)"
"ENCORE-HUB206.Encore.ncl.com","10.70.0.105","cisco WS-C4510R+E","Switch IGMP","TenGigabitEthernet1/1/6","TenGigabitEthernet5/1","Cisco IOS Software, IOS-XE Software, Catalyst 4500 L3 Switch  Software (cat4500es8-UNIVERSALK9-M), Version 03.08.06.E RELEASE SOFTWARE (fc4)"
"ENCORE-HUB206.Encore.ncl.com","10.70.0.105","cisco WS-C4510R+E","Switch IGMP","TenGigabitEthernet2/1/6","TenGigabitEthernet5/2","Cisco IOS Software, IOS-XE Software, Catalyst 4500 L3 Switch  Software (cat4500es8-UNIVERSALK9-M), Version 03.08.06.E RELEASE SOFTWARE (fc4)"
"ENCORE-HUB206.Encore.ncl.com","10.70.0.105","cisco WS-C4510R+E","Switch IGMP","TenGigabitEthernet2/2/6","TenGigabitEthernet6/2","Cisco IOS Software, IOS-XE Software, Catalyst 4500 L3 Switch  Software (cat4500es8-UNIVERSALK9-M), Version 03.08.06.E RELEASE SOFTWARE (fc4)"
"ENCORE-HUB114.Encore.ncl.com","10.70.0.103","cisco WS-C4507R+E","Switch IGMP","TenGigabitEthernet2/2/4","TenGigabitEthernet4/2","Cisco IOS Software, IOS-XE Software, Catalyst 4500 L3 Switch  Software (cat4500es8-UNIVERSALK9-M), Version 03.08.06.E RELEASE SOFTWARE (fc4)"
"ENCORE-HUB114.Encore.ncl.com","10.70.0.103","cisco WS-C4507R+E","Switch IGMP","TenGigabitEthernet1/2/4","TenGigabitEthernet4/1","Cisco IOS Software, IOS-XE Software, Catalyst 4500 L3 Switch  Software (cat4500es8-UNIVERSALK9-M), Version 03.08.06.E RELEASE SOFTWARE (fc4)"
"ENCORE-HUB114.Encore.ncl.com","10.70.0.103","cisco WS-C4507R+E","Switch IGMP","TenGigabitEthernet1/1/4","TenGigabitEthernet3/1","Cisco IOS Software, IOS-XE Software, Catalyst 4500 L3 Switch  Software (cat4500es8-UNIVERSALK9-M), Version 03.08.06.E RELEASE SOFTWARE (fc4)"
"ENCORE-HUB114.Encore.ncl.com","10.70.0.103","cisco WS-C4507R+E","Switch IGMP","TenGigabitEthernet2/1/4","TenGigabitEthernet3/2","Cisco IOS Software, IOS-XE Software, Catalyst 4500 L3 Switch  Software (cat4500es8-UNIVERSALK9-M), Version 03.08.06.E RELEASE SOFTWARE (fc4)"
"ENCORE-HUB613.Encore.ncl.com","10.70.0.129","cisco WS-C4510R+E","Switch IGMP","TenGigabitEthernet1/2/30","TenGigabitEthernet6/1","Cisco IOS Software, IOS-XE Software, Catalyst 4500 L3 Switch  Software (cat4500es8-UNIVERSALK9-M), Version 03.08.06.E RELEASE SOFTWARE (fc4)"
"ENCORE-HUB613.Encore.ncl.com","10.70.0.129","cisco WS-C4510R+E","Switch IGMP","TenGigabitEthernet2/1/30","TenGigabitEthernet5/2","Cisco IOS Software, IOS-XE Software, Catalyst 4500 L3 Switch  Software (cat4500es8-UNIVERSALK9-M), Version 03.08.06.E RELEASE SOFTWARE (fc4)"
"ENCORE-HUB613.Encore.ncl.com","10.70.0.129","cisco WS-C4510R+E","Switch IGMP","TenGigabitEthernet2/2/30","TenGigabitEthernet6/2","Cisco IOS Software, IOS-XE Software, Catalyst 4500 L3 Switch  Software (cat4500es8-UNIVERSALK9-M), Version 03.08.06.E RELEASE SOFTWARE (fc4)"
"ENCORE-3850-HUB412.encore.ncl.com","10.0.38.1","cisco WS-C3850-24XU","Switch IGMP","TenGigabitEthernet1/5/20","TenGigabitEthernet1/1/4","Cisco IOS Software [Denali], Catalyst L3 Switch Software (CAT3K_CAA-UNIVERSALK9-M), Version 16.3.6, RELEASE SOFTWARE (fc3)"
"ENCORE-3850-HUB412.encore.ncl.com","10.0.38.1","cisco WS-C3850-24XU","Switch IGMP","TenGigabitEthernet2/5/20","TenGigabitEthernet2/1/4","Cisco IOS Software [Denali], Catalyst L3 Switch Software (CAT3K_CAA-UNIVERSALK9-M), Version 16.3.6, RELEASE SOFTWARE (fc3)"
"ENCORE-3850-HUB205.encore.ncl.com","10.0.10.1","cisco WS-C3850-24XU","Switch IGMP","TenGigabitEthernet2/5/5","TenGigabitEthernet4/1/4","Cisco IOS Software [Denali], Catalyst L3 Switch Software (CAT3K_CAA-UNIVERSALK9-M), Version 16.3.6, RELEASE SOFTWARE (fc3)"
"ENCORE-3850-HUB205.encore.ncl.com","10.0.10.1","cisco WS-C3850-24XU","Switch IGMP","TenGigabitEthernet1/5/5","TenGigabitEthernet1/1/4","Cisco IOS Software [Denali], Catalyst L3 Switch Software (CAT3K_CAA-UNIVERSALK9-M), Version 16.3.6, RELEASE SOFTWARE (fc3)"
"ENCORE-3850-HUB403.encore.ncl.com","10.0.32.1","cisco WS-C3850-24XU","Switch IGMP","TenGigabitEthernet1/5/17","TenGigabitEthernet1/1/4","Cisco IOS Software [Denali], Catalyst L3 Switch Software (CAT3K_CAA-UNIVERSALK9-M), Version 16.3.6, RELEASE SOFTWARE (fc3)"
"ENCORE-3850-HUB403.encore.ncl.com","10.0.32.1","cisco WS-C3850-24XU","Switch IGMP","TenGigabitEthernet2/5/17","TenGigabitEthernet2/1/4","Cisco IOS Software [Denali], Catalyst L3 Switch Software (CAT3K_CAA-UNIVERSALK9-M), Version 16.3.6, RELEASE SOFTWARE (fc3)"
"ENCORE-3850-HUB304.encore.ncl.com","10.0.22.1","cisco WS-C3850-24XU","Switch IGMP","TenGigabitEthernet1/5/11","TenGigabitEthernet1/1/3","Cisco IOS Software [Denali], Catalyst L3 Switch Software (CAT3K_CAA-UNIVERSALK9-M), Version 16.3.6, RELEASE SOFTWARE (fc3)"
"ENCORE-3850-HUB304.encore.ncl.com","10.0.22.1","cisco WS-C3850-24XU","Switch IGMP","TenGigabitEthernet2/5/11","TenGigabitEthernet1/1/4","Cisco IOS Software [Denali], Catalyst L3 Switch Software (CAT3K_CAA-UNIVERSALK9-M), Version 16.3.6, RELEASE SOFTWARE (fc3)"
"ENCORE-HUB317.Encore.ncl.com","10.70.0.115","cisco WS-C4507R+E","Switch IGMP","TenGigabitEthernet2/1/16","TenGigabitEthernet3/2","Cisco IOS Software, IOS-XE Software, Catalyst 4500 L3 Switch  Software (cat4500es8-UNIVERSALK9-M), Version 03.08.06.E RELEASE SOFTWARE (fc4)"
"ENCORE-HUB317.Encore.ncl.com","10.70.0.115","cisco WS-C4507R+E","Switch IGMP","TenGigabitEthernet2/2/16","TenGigabitEthernet4/2","Cisco IOS Software, IOS-XE Software, Catalyst 4500 L3 Switch  Software (cat4500es8-UNIVERSALK9-M), Version 03.08.06.E RELEASE SOFTWARE (fc4)"
"ENCORE-HUB317.Encore.ncl.com","10.70.0.115","cisco WS-C4507R+E","Switch IGMP","TenGigabitEthernet1/2/16","TenGigabitEthernet4/1","Cisco IOS Software, IOS-XE Software, Catalyst 4500 L3 Switch  Software (cat4500es8-UNIVERSALK9-M), Version 03.08.06.E RELEASE SOFTWARE (fc4)"
"ENCORE-HUB317.Encore.ncl.com","10.70.0.115","cisco WS-C4507R+E","Switch IGMP","TenGigabitEthernet1/1/16","TenGigabitEthernet3/1","Cisco IOS Software, IOS-XE Software, Catalyst 4500 L3 Switch  Software (cat4500es8-UNIVERSALK9-M), Version 03.08.06.E RELEASE SOFTWARE (fc4)"
"ENCORE-3850-HUB305.encore.ncl.com","10.0.24.1","cisco WS-C3850-24XU","Switch IGMP","TenGigabitEthernet1/5/12","TenGigabitEthernet1/1/4","Cisco IOS Software [Denali], Catalyst L3 Switch Software (CAT3K_CAA-UNIVERSALK9-M), Version 16.3.6, RELEASE SOFTWARE (fc3)"
"ENCORE-3850-HUB512.encore.ncl.com","10.0.46.1","cisco WS-C3850-24XU","Switch IGMP","TenGigabitEthernet1/5/24","TenGigabitEthernet1/1/4","Cisco IOS Software [Denali], Catalyst L3 Switch Software (CAT3K_CAA-UNIVERSALK9-M), Version 16.3.6, RELEASE SOFTWARE (fc3)"
"ENCORE-3850-HUB107.encore.ncl.com","10.0.4.1","cisco WS-C3850-24XU","Switch IGMP","TenGigabitEthernet1/5/2","TenGigabitEthernet1/1/4","Cisco IOS Software [Denali], Catalyst L3 Switch Software (CAT3K_CAA-UNIVERSALK9-M), Version 16.3.6, RELEASE SOFTWARE (fc3)"
"ENCORE-3850-HUB305.encore.ncl.com","10.0.24.1","cisco WS-C3850-24XU","Switch IGMP","TenGigabitEthernet2/5/12","TenGigabitEthernet3/1/4","Cisco IOS Software [Denali], Catalyst L3 Switch Software (CAT3K_CAA-UNIVERSALK9-M), Version 16.3.6, RELEASE SOFTWARE (fc3)"
"ENCORE-3850-HUB107.encore.ncl.com","10.0.4.1","cisco WS-C3850-24XU","Switch IGMP","TenGigabitEthernet2/5/2","TenGigabitEthernet3/1/4","Cisco IOS Software [Denali], Catalyst L3 Switch Software (CAT3K_CAA-UNIVERSALK9-M), Version 16.3.6, RELEASE SOFTWARE (fc3)"
"ENCORE-3850-HUB215.encore.ncl.com","10.0.16.1","cisco WS-C3850-24XU","Switch IGMP","TenGigabitEthernet2/5/8","TenGigabitEthernet2/1/4","Cisco IOS Software [Denali], Catalyst L3 Switch Software (CAT3K_CAA-UNIVERSALK9-M), Version 16.3.6, RELEASE SOFTWARE (fc3)"
"ENCORE-3850-HUB314.encore.ncl.com","10.0.28.1","cisco WS-C3850-24XU","Switch IGMP","TenGigabitEthernet1/5/15","TenGigabitEthernet1/1/4","Cisco IOS Software [Denali], Catalyst L3 Switch Software (CAT3K_CAA-UNIVERSALK9-M), Version 16.3.6, RELEASE SOFTWARE (fc3)"
"ENCORE-3850-HUB215.encore.ncl.com","10.0.16.1","cisco WS-C3850-24XU","Switch IGMP","TenGigabitEthernet1/5/8","TenGigabitEthernet1/1/4","Cisco IOS Software [Denali], Catalyst L3 Switch Software (CAT3K_CAA-UNIVERSALK9-M), Version 16.3.6, RELEASE SOFTWARE (fc3)"
"ENCORE-3850-HUB512.encore.ncl.com","10.0.46.1","cisco WS-C3850-24XU","Switch IGMP","TenGigabitEthernet2/5/24","TenGigabitEthernet2/1/4","Cisco IOS Software [Denali], Catalyst L3 Switch Software (CAT3K_CAA-UNIVERSALK9-M), Version 16.3.6, RELEASE SOFTWARE (fc3)"
"ENCORE-3850-HUB314.encore.ncl.com","10.0.28.1","cisco WS-C3850-24XU","Switch IGMP","TenGigabitEthernet2/5/15","TenGigabitEthernet2/1/4","Cisco IOS Software [Denali], Catalyst L3 Switch Software (CAT3K_CAA-UNIVERSALK9-M), Version 16.3.6, RELEASE SOFTWARE (fc3)"
"ENCORE-3850-HUB104.encore.ncl.com","10.0.2.1","cisco WS-C3850-24XU","Switch IGMP","TenGigabitEthernet1/5/1","TenGigabitEthernet1/1/4","Cisco IOS Software [Denali], Catalyst L3 Switch Software (CAT3K_CAA-UNIVERSALK9-M), Version 16.3.6, RELEASE SOFTWARE (fc3)"
"ENCORE-3850-HUB104.encore.ncl.com","10.0.2.1","cisco WS-C3850-24XU","Switch IGMP","TenGigabitEthernet2/5/1","TenGigabitEthernet2/1/4","Cisco IOS Software [Denali], Catalyst L3 Switch Software (CAT3K_CAA-UNIVERSALK9-M), Version 16.3.6, RELEASE SOFTWARE (fc3)"
"ENCORE-HUB215.Encore.ncl.com","10.70.0.107","cisco WS-C4507R+E","Switch IGMP","TenGigabitEthernet1/1/8","TenGigabitEthernet3/1","Cisco IOS Software, IOS-XE Software, Catalyst 4500 L3 Switch  Software (cat4500es8-UNIVERSALK9-M), Version 03.08.06.E RELEASE SOFTWARE (fc4)"
"ENCORE-HUB215.Encore.ncl.com","10.70.0.107","cisco WS-C4507R+E","Switch IGMP","TenGigabitEthernet2/2/8","TenGigabitEthernet4/2","Cisco IOS Software, IOS-XE Software, Catalyst 4500 L3 Switch  Software (cat4500es8-UNIVERSALK9-M), Version 03.08.06.E RELEASE SOFTWARE (fc4)"
"ENCORE-HUB215.Encore.ncl.com","10.70.0.107","cisco WS-C4507R+E","Switch IGMP","TenGigabitEthernet1/2/8","TenGigabitEthernet4/1","Cisco IOS Software, IOS-XE Software, Catalyst 4500 L3 Switch  Software (cat4500es8-UNIVERSALK9-M), Version 03.08.06.E RELEASE SOFTWARE (fc4)"
"ENCORE-HUB215.Encore.ncl.com","10.70.0.107","cisco WS-C4507R+E","Switch IGMP","TenGigabitEthernet2/1/8","TenGigabitEthernet3/2","Cisco IOS Software, IOS-XE Software, Catalyst 4500 L3 Switch  Software (cat4500es8-UNIVERSALK9-M), Version 03.08.06.E RELEASE SOFTWARE (fc4)"
"ENCORE-HUB314.Encore.ncl.com","10.70.0.114","cisco WS-C4507R+E","Switch IGMP","TenGigabitEthernet2/2/15","TenGigabitEthernet4/2","Cisco IOS Software, IOS-XE Software, Catalyst 4500 L3 Switch  Software (cat4500es8-UNIVERSALK9-M), Version 03.08.06.E RELEASE SOFTWARE (fc4)"
"ENCORE-HUB314.Encore.ncl.com","10.70.0.114","cisco WS-C4507R+E","Switch IGMP","TenGigabitEthernet1/1/15","TenGigabitEthernet3/1","Cisco IOS Software, IOS-XE Software, Catalyst 4500 L3 Switch  Software (cat4500es8-UNIVERSALK9-M), Version 03.08.06.E RELEASE SOFTWARE (fc4)"
"ENCORE-HUB314.Encore.ncl.com","10.70.0.114","cisco WS-C4507R+E","Switch IGMP","TenGigabitEthernet2/1/15","TenGigabitEthernet3/2","Cisco IOS Software, IOS-XE Software, Catalyst 4500 L3 Switch  Software (cat4500es8-UNIVERSALK9-M), Version 03.08.06.E RELEASE SOFTWARE (fc4)"
"ENCORE-HUB314.Encore.ncl.com","10.70.0.114","cisco WS-C4507R+E","Switch IGMP","TenGigabitEthernet1/2/15","TenGigabitEthernet4/1","Cisco IOS Software, IOS-XE Software, Catalyst 4500 L3 Switch  Software (cat4500es8-UNIVERSALK9-M), Version 03.08.06.E RELEASE SOFTWARE (fc4)"
"ENCORE-3850-HUB216.encore.ncl.com","10.0.18.1","cisco WS-C3850-24XU","Switch IGMP","TenGigabitEthernet2/5/9","TenGigabitEthernet3/1/4","Cisco IOS Software [Denali], Catalyst L3 Switch Software (CAT3K_CAA-UNIVERSALK9-M), Version 16.3.6, RELEASE SOFTWARE (fc3)"
"ENCORE-3850-HUB216.encore.ncl.com","10.0.18.1","cisco WS-C3850-24XU","Switch IGMP","TenGigabitEthernet1/5/9","TenGigabitEthernet1/1/4","Cisco IOS Software [Denali], Catalyst L3 Switch Software (CAT3K_CAA-UNIVERSALK9-M), Version 16.3.6, RELEASE SOFTWARE (fc3)"
"ENCORE-3850-HUB317.encore.ncl.com","10.70.0.215","cisco WS-C3850-24XU","Switch IGMP","TenGigabitEthernet2/5/16","TenGigabitEthernet1/1/4","Cisco IOS Software [Denali], Catalyst L3 Switch Software (CAT3K_CAA-UNIVERSALK9-M), Version 16.3.6, RELEASE SOFTWARE (fc3)"
"ENCORE-3850-HUB317.encore.ncl.com","10.70.0.215","cisco WS-C3850-24XU","Switch IGMP","TenGigabitEthernet1/5/16","TenGigabitEthernet1/1/3","Cisco IOS Software [Denali], Catalyst L3 Switch Software (CAT3K_CAA-UNIVERSALK9-M), Version 16.3.6, RELEASE SOFTWARE (fc3)"
"ENCORE-HUB412.Encore.ncl.com","10.70.0.119","cisco WS-C4507R+E","Switch IGMP","TenGigabitEthernet2/1/20","TenGigabitEthernet3/2","Cisco IOS Software, IOS-XE Software, Catalyst 4500 L3 Switch  Software (cat4500es8-UNIVERSALK9-M), Version 03.08.06.E RELEASE SOFTWARE (fc4)"
"ENCORE-HUB412.Encore.ncl.com","10.70.0.119","cisco WS-C4507R+E","Switch IGMP","TenGigabitEthernet2/2/20","TenGigabitEthernet4/2","Cisco IOS Software, IOS-XE Software, Catalyst 4500 L3 Switch  Software (cat4500es8-UNIVERSALK9-M), Version 03.08.06.E RELEASE SOFTWARE (fc4)"
"ENCORE-HUB412.Encore.ncl.com","10.70.0.119","cisco WS-C4507R+E","Switch IGMP","TenGigabitEthernet1/2/20","TenGigabitEthernet4/1","Cisco IOS Software, IOS-XE Software, Catalyst 4500 L3 Switch  Software (cat4500es8-UNIVERSALK9-M), Version 03.08.06.E RELEASE SOFTWARE (fc4)"
"ENCORE-HUB412.Encore.ncl.com","10.70.0.119","cisco WS-C4507R+E","Switch IGMP","TenGigabitEthernet1/1/20","TenGigabitEthernet3/1","Cisco IOS Software, IOS-XE Software, Catalyst 4500 L3 Switch  Software (cat4500es8-UNIVERSALK9-M), Version 03.08.06.E RELEASE SOFTWARE (fc4)"
"ENCORE-HUB205.Encore.ncl.com","10.70.0.104","cisco WS-C4510R+E","Switch IGMP","TenGigabitEthernet1/2/5","TenGigabitEthernet6/1","Cisco IOS Software, IOS-XE Software, Catalyst 4500 L3 Switch  Software (cat4500es8-UNIVERSALK9-M), Version 03.08.06.E RELEASE SOFTWARE (fc4)"
"ENCORE-HUB205.Encore.ncl.com","10.70.0.104","cisco WS-C4510R+E","Switch IGMP","TenGigabitEthernet1/1/5","TenGigabitEthernet5/1","Cisco IOS Software, IOS-XE Software, Catalyst 4500 L3 Switch  Software (cat4500es8-UNIVERSALK9-M), Version 03.08.06.E RELEASE SOFTWARE (fc4)"
"ENCORE-HUB205.Encore.ncl.com","10.70.0.104","cisco WS-C4510R+E","Switch IGMP","TenGigabitEthernet2/1/5","TenGigabitEthernet5/2","Cisco IOS Software, IOS-XE Software, Catalyst 4500 L3 Switch  Software (cat4500es8-UNIVERSALK9-M), Version 03.08.06.E RELEASE SOFTWARE (fc4)"
"ENCORE-3850-HUB613.encore.ncl.com","10.0.56.1","cisco WS-C3850-24XU","Switch IGMP","TenGigabitEthernet2/5/29","TenGigabitEthernet3/1/4","Cisco IOS Software [Denali], Catalyst L3 Switch Software (CAT3K_CAA-UNIVERSALK9-M), Version 16.3.6, RELEASE SOFTWARE (fc3)"
"ENCORE-3850-HUB114.encore.ncl.com","10.0.8.1","cisco WS-C3850-24XU","Switch IGMP","TenGigabitEthernet1/5/4","TenGigabitEthernet1/1/4","Cisco IOS Software [Denali], Catalyst L3 Switch Software (CAT3K_CAA-UNIVERSALK9-M), Version 16.3.6, RELEASE SOFTWARE (fc3)"
"ENCORE-3850-HUB206.encore.ncl.com","10.70.0.205","cisco WS-C3850-24XU","Switch IGMP","TenGigabitEthernet2/5/6","TenGigabitEthernet2/1/4","Cisco IOS Software [Denali], Catalyst L3 Switch Software (CAT3K_CAA-UNIVERSALK9-M), Version 16.3.6, RELEASE SOFTWARE (fc3)"
"ENCORE-3850-HUB613.encore.ncl.com","10.0.56.1","cisco WS-C3850-24XU","Switch IGMP","TenGigabitEthernet1/5/29","TenGigabitEthernet1/1/4","Cisco IOS Software [Denali], Catalyst L3 Switch Software (CAT3K_CAA-UNIVERSALK9-M), Version 16.3.6, RELEASE SOFTWARE (fc3)"
"ENCORE-3850-HUB206.encore.ncl.com","10.70.0.205","cisco WS-C3850-24XU","Switch IGMP","TenGigabitEthernet1/5/6","TenGigabitEthernet1/1/4","Cisco IOS Software [Denali], Catalyst L3 Switch Software (CAT3K_CAA-UNIVERSALK9-M), Version 16.3.6, RELEASE SOFTWARE (fc3)"
"ENCORE-3850-HUB114.encore.ncl.com","10.0.8.1","cisco WS-C3850-24XU","Switch IGMP","TenGigabitEthernet2/5/4","TenGigabitEthernet3/1/4","Cisco IOS Software [Denali], Catalyst L3 Switch Software (CAT3K_CAA-UNIVERSALK9-M), Version 16.3.6, RELEASE SOFTWARE (fc3)"
"ENCORE-HUB303.Encore.ncl.com","10.70.0.109","cisco WS-C4507R+E","Switch IGMP","TenGigabitEthernet1/2/10","TenGigabitEthernet4/1","Cisco IOS Software, IOS-XE Software, Catalyst 4500 L3 Switch  Software (cat4500es8-UNIVERSALK9-M), Version 03.08.06.E RELEASE SOFTWARE (fc4)"
"ENCORE-HUB303.Encore.ncl.com","10.70.0.109","cisco WS-C4507R+E","Switch IGMP","TenGigabitEthernet2/1/10","TenGigabitEthernet3/2","Cisco IOS Software, IOS-XE Software, Catalyst 4500 L3 Switch  Software (cat4500es8-UNIVERSALK9-M), Version 03.08.06.E RELEASE SOFTWARE (fc4)"
"ENCORE-HUB303.Encore.ncl.com","10.70.0.109","cisco WS-C4507R+E","Switch IGMP","TenGigabitEthernet1/1/10","TenGigabitEthernet3/1","Cisco IOS Software, IOS-XE Software, Catalyst 4500 L3 Switch  Software (cat4500es8-UNIVERSALK9-M), Version 03.08.06.E RELEASE SOFTWARE (fc4)"
"ENCORE-HUB303.Encore.ncl.com","10.70.0.109","cisco WS-C4507R+E","Switch IGMP","TenGigabitEthernet2/2/10","TenGigabitEthernet4/2","Cisco IOS Software, IOS-XE Software, Catalyst 4500 L3 Switch  Software (cat4500es8-UNIVERSALK9-M), Version 03.08.06.E RELEASE SOFTWARE (fc4)"
"ENCORE-HUB110.Encore.ncl.com","10.70.0.102","cisco WS-C4507R+E","Switch IGMP","TenGigabitEthernet2/1/3","TenGigabitEthernet3/2","Cisco IOS Software, IOS-XE Software, Catalyst 4500 L3 Switch  Software (cat4500es8-UNIVERSALK9-M), Version 03.08.06.E RELEASE SOFTWARE (fc4)"
"ENCORE-HUB110.Encore.ncl.com","10.70.0.102","cisco WS-C4507R+E","Switch IGMP","TenGigabitEthernet1/1/3","TenGigabitEthernet3/1","Cisco IOS Software, IOS-XE Software, Catalyst 4500 L3 Switch  Software (cat4500es8-UNIVERSALK9-M), Version 03.08.06.E RELEASE SOFTWARE (fc4)"
"ENCORE-HUB110.Encore.ncl.com","10.70.0.102","cisco WS-C4507R+E","Switch IGMP","TenGigabitEthernet1/2/3","TenGigabitEthernet4/1","Cisco IOS Software, IOS-XE Software, Catalyst 4500 L3 Switch  Software (cat4500es8-UNIVERSALK9-M), Version 03.08.06.E RELEASE SOFTWARE (fc4)"
"ENCORE-HUB110.Encore.ncl.com","10.70.0.102","cisco WS-C4507R+E","Switch IGMP","TenGigabitEthernet2/2/3","TenGigabitEthernet4/2","Cisco IOS Software, IOS-XE Software, Catalyst 4500 L3 Switch  Software (cat4500es8-UNIVERSALK9-M), Version 03.08.06.E RELEASE SOFTWARE (fc4)"
"ENCORE-3850-HUB605.encore.ncl.com","10.70.0.226","cisco WS-C3850-24XU","Switch IGMP","TenGigabitEthernet1/5/26","TenGigabitEthernet1/1/3","Cisco IOS Software [Denali], Catalyst L3 Switch Software (CAT3K_CAA-UNIVERSALK9-M), Version 16.3.6, RELEASE SOFTWARE (fc3)"
"ENCORE-3850-HUB407.encore.ncl.com","10.70.0.218","cisco WS-C3850-24XU","Switch IGMP","TenGigabitEthernet2/5/19","TenGigabitEthernet2/1/4","Cisco IOS Software [Denali], Catalyst L3 Switch Software (CAT3K_CAA-UNIVERSALK9-M), Version 16.3.6, RELEASE SOFTWARE (fc3)"
"ENCORE-3850-HUB605.encore.ncl.com","10.70.0.226","cisco WS-C3850-24XU","Switch IGMP","TenGigabitEthernet2/5/26","TenGigabitEthernet1/1/4","Cisco IOS Software [Denali], Catalyst L3 Switch Software (CAT3K_CAA-UNIVERSALK9-M), Version 16.3.6, RELEASE SOFTWARE (fc3)"
"ENCORE-3850-HUB407.encore.ncl.com","10.70.0.218","cisco WS-C3850-24XU","Switch IGMP","TenGigabitEthernet1/5/19","TenGigabitEthernet1/1/4","Cisco IOS Software [Denali], Catalyst L3 Switch Software (CAT3K_CAA-UNIVERSALK9-M), Version 16.3.6, RELEASE SOFTWARE (fc3)"
"ENCORE-HUB405.Encore.ncl.com","10.70.0.117","cisco WS-C4507R+E","Switch IGMP","TenGigabitEthernet2/1/18","TenGigabitEthernet3/2","Cisco IOS Software, IOS-XE Software, Catalyst 4500 L3 Switch  Software (cat4500es8-UNIVERSALK9-M), Version 03.08.06.E RELEASE SOFTWARE (fc4)"
"ENCORE-HUB405.Encore.ncl.com","10.70.0.117","cisco WS-C4507R+E","Switch IGMP","TenGigabitEthernet1/2/18","TenGigabitEthernet4/1","Cisco IOS Software, IOS-XE Software, Catalyst 4500 L3 Switch  Software (cat4500es8-UNIVERSALK9-M), Version 03.08.06.E RELEASE SOFTWARE (fc4)"
"ENCORE-HUB405.Encore.ncl.com","10.70.0.117","cisco WS-C4507R+E","Switch IGMP","TenGigabitEthernet1/1/18","TenGigabitEthernet3/1","Cisco IOS Software, IOS-XE Software, Catalyst 4500 L3 Switch  Software (cat4500es8-UNIVERSALK9-M), Version 03.08.06.E RELEASE SOFTWARE (fc4)"
"ENCORE-HUB405.Encore.ncl.com","10.70.0.117","cisco WS-C4507R+E","Switch IGMP","TenGigabitEthernet2/2/18","TenGigabitEthernet4/2","Cisco IOS Software, IOS-XE Software, Catalyst 4500 L3 Switch  Software (cat4500es8-UNIVERSALK9-M), Version 03.08.06.E RELEASE SOFTWARE (fc4)"
"ENCORE-HUB414.Encore.ncl.com","10.70.0.120","cisco WS-C4507R+E","Switch IGMP","TenGigabitEthernet1/2/21","TenGigabitEthernet4/1","Cisco IOS Software, IOS-XE Software, Catalyst 4500 L3 Switch  Software (cat4500es8-UNIVERSALK9-M), Version 03.08.06.E RELEASE SOFTWARE (fc4)"
"ENCORE-HUB414.Encore.ncl.com","10.70.0.120","cisco WS-C4507R+E","Switch IGMP","TenGigabitEthernet2/1/21","TenGigabitEthernet3/2","Cisco IOS Software, IOS-XE Software, Catalyst 4500 L3 Switch  Software (cat4500es8-UNIVERSALK9-M), Version 03.08.06.E RELEASE SOFTWARE (fc4)"
"ENCORE-HUB414.Encore.ncl.com","10.70.0.120","cisco WS-C4507R+E","Switch IGMP","TenGigabitEthernet2/2/21","TenGigabitEthernet4/2","Cisco IOS Software, IOS-XE Software, Catalyst 4500 L3 Switch  Software (cat4500es8-UNIVERSALK9-M), Version 03.08.06.E RELEASE SOFTWARE (fc4)"
"ENCORE-HUB414.Encore.ncl.com","10.70.0.120","cisco WS-C4507R+E","Switch IGMP","TenGigabitEthernet1/1/21","TenGigabitEthernet3/1","Cisco IOS Software, IOS-XE Software, Catalyst 4500 L3 Switch  Software (cat4500es8-UNIVERSALK9-M), Version 03.08.06.E RELEASE SOFTWARE (fc4)"
"ENCORE-3850-HUB310.encore.ncl.com","10.0.26.1","cisco WS-C3850-24XU","Switch IGMP","TenGigabitEthernet2/5/14","TenGigabitEthernet2/1/4","Cisco IOS Software [Denali], Catalyst L3 Switch Software (CAT3K_CAA-UNIVERSALK9-M), Version 16.3.6, RELEASE SOFTWARE (fc3)"
"ENCORE-3850-HUB310.encore.ncl.com","10.0.26.1","cisco WS-C3850-24XU","Switch IGMP","TenGigabitEthernet1/5/14","TenGigabitEthernet1/1/4","Cisco IOS Software [Denali], Catalyst L3 Switch Software (CAT3K_CAA-UNIVERSALK9-M), Version 16.3.6, RELEASE SOFTWARE (fc3)"
"ENCORE-3850-HUB507.encore.ncl.com","10.70.0.223","cisco WS-C3850-24XU","Switch IGMP","TenGigabitEthernet1/5/23","TenGigabitEthernet1/1/4","Cisco IOS Software [Denali], Catalyst L3 Switch Software (CAT3K_CAA-UNIVERSALK9-M), Version 16.3.6, RELEASE SOFTWARE (fc3)"
"ENCORE-3850-HUB507.encore.ncl.com","10.70.0.223","cisco WS-C3850-24XU","Switch IGMP","TenGigabitEthernet2/5/23","TenGigabitEthernet2/1/4","Cisco IOS Software [Denali], Catalyst L3 Switch Software (CAT3K_CAA-UNIVERSALK9-M), Version 16.3.6, RELEASE SOFTWARE (fc3)"
"ENCORE-DC613-9K-SW01(FDO21202M41)","10.70.0.7","N9K-C93180YC-EX","Router Switch CVTA phone port","GigabitEthernet1/7/48","mgmt0","Cisco Nexus Operating System (NX-OS) Software, Version 7.0(3)I7(8)"
"ENCORE-DC613-9K-SW01(FDO21202M41)","10.70.0.7","N9K-C93180YC-EX","Router Switch IGMP CVTA phone port","TenGigabitEthernet1/6/3","Ethernet1/54","Cisco Nexus Operating System (NX-OS) Software, Version 7.0(3)I7(8)"
"ENCORE-DC613-9K-SW01(FDO21202M41)","10.70.0.7","N9K-C93180YC-EX","Router Switch IGMP CVTA phone port","TenGigabitEthernet1/2/31","Ethernet1/53","Cisco Nexus Operating System (NX-OS) Software, Version 7.0(3)I7(8)"
"ENCORE-3850-HUB405.encore.ncl.com","10.0.34.1","cisco WS-C3850-24XU","Switch IGMP","TenGigabitEthernet2/5/18","TenGigabitEthernet2/1/4","Cisco IOS Software [Denali], Catalyst L3 Switch Software (CAT3K_CAA-UNIVERSALK9-M), Version 16.3.6, RELEASE SOFTWARE (fc3)"
"ENCORE-3850-HUB405.encore.ncl.com","10.0.34.1","cisco WS-C3850-24XU","Switch IGMP","TenGigabitEthernet1/5/18","TenGigabitEthernet1/1/4","Cisco IOS Software [Denali], Catalyst L3 Switch Software (CAT3K_CAA-UNIVERSALK9-M), Version 16.3.6, RELEASE SOFTWARE (fc3)"
"ENCORE-3850-HUB504.encore.ncl.com","10.0.42.1","cisco WS-C3850-24XU","Switch IGMP","TenGigabitEthernet2/5/22","TenGigabitEthernet2/1/4","Cisco IOS Software [Denali], Catalyst L3 Switch Software (CAT3K_CAA-UNIVERSALK9-M), Version 16.3.6, RELEASE SOFTWARE (fc3)"
"ENCORE-3850-HUB504.encore.ncl.com","10.0.42.1","cisco WS-C3850-24XU","Switch IGMP","TenGigabitEthernet1/5/22","TenGigabitEthernet1/1/4","Cisco IOS Software [Denali], Catalyst L3 Switch Software (CAT3K_CAA-UNIVERSALK9-M), Version 16.3.6, RELEASE SOFTWARE (fc3)"
"ENCORE-3850-HUB414.encore.ncl.com","10.0.40.1","cisco WS-C3850-24XU","Switch IGMP","TenGigabitEthernet1/5/21","TenGigabitEthernet1/1/4","Cisco IOS Software [Denali], Catalyst L3 Switch Software (CAT3K_CAA-UNIVERSALK9-M), Version 16.3.6, RELEASE SOFTWARE (fc3)"
"ENCORE-3850-HUB515.encore.ncl.com","10.0.48.1","cisco WS-C3850-24XU","Switch IGMP","TenGigabitEthernet1/5/25","TenGigabitEthernet1/1/4","Cisco IOS Software [Denali], Catalyst L3 Switch Software (CAT3K_CAA-UNIVERSALK9-M), Version 16.3.6, RELEASE SOFTWARE (fc3)"
"ENCORE-3850-HUB607.encore.ncl.com","10.70.0.227","cisco WS-C3850-24XU","Switch IGMP","TenGigabitEthernet1/5/27","TenGigabitEthernet1/1/4","Cisco IOS Software [Denali], Catalyst L3 Switch Software (CAT3K_CAA-UNIVERSALK9-M), Version 16.3.6, RELEASE SOFTWARE (fc3)"
"ENCORE-3850-HUB414.encore.ncl.com","10.0.40.1","cisco WS-C3850-24XU","Switch IGMP","TenGigabitEthernet2/5/21","TenGigabitEthernet2/1/4","Cisco IOS Software [Denali], Catalyst L3 Switch Software (CAT3K_CAA-UNIVERSALK9-M), Version 16.3.6, RELEASE SOFTWARE (fc3)"
"ENCORE-3850-HUB607.encore.ncl.com","10.70.0.227","cisco WS-C3850-24XU","Switch IGMP","TenGigabitEthernet2/5/27","TenGigabitEthernet2/1/4","Cisco IOS Software [Denali], Catalyst L3 Switch Software (CAT3K_CAA-UNIVERSALK9-M), Version 16.3.6, RELEASE SOFTWARE (fc3)"
"ENCORE-3850-HUB515.encore.ncl.com","10.0.48.1","cisco WS-C3850-24XU","Switch IGMP","TenGigabitEthernet2/5/25","TenGigabitEthernet3/1/4","Cisco IOS Software [Denali], Catalyst L3 Switch Software (CAT3K_CAA-UNIVERSALK9-M), Version 16.3.6, RELEASE SOFTWARE (fc3)"
"ENCORE-3850-HUB303.encore.ncl.com","10.0.20.1","cisco WS-C3850-24XU","Switch IGMP","TenGigabitEthernet1/5/10","TenGigabitEthernet1/1/4","Cisco IOS Software [Denali], Catalyst L3 Switch Software (CAT3K_CAA-UNIVERSALK9-M), Version 16.3.6, RELEASE SOFTWARE (fc3)"
"ENCORE-3850-HUB303.encore.ncl.com","10.0.20.1","cisco WS-C3850-24XU","Switch IGMP","TenGigabitEthernet2/5/10","TenGigabitEthernet3/1/4","Cisco IOS Software [Denali], Catalyst L3 Switch Software (CAT3K_CAA-UNIVERSALK9-M), Version 16.3.6, RELEASE SOFTWARE (fc3)"
"ENCORE-HUB605.Encore.ncl.com","10.70.0.126","cisco WS-C4507R+E","Switch IGMP","TenGigabitEthernet1/1/27","TenGigabitEthernet3/1","Cisco IOS Software, IOS-XE Software, Catalyst 4500 L3 Switch  Software (cat4500es8-UNIVERSALK9-M), Version 03.08.06.E RELEASE SOFTWARE (fc4)"
"ENCORE-HUB605.Encore.ncl.com","10.70.0.126","cisco WS-C4507R+E","Switch IGMP","TenGigabitEthernet1/2/27","TenGigabitEthernet4/1","Cisco IOS Software, IOS-XE Software, Catalyst 4500 L3 Switch  Software (cat4500es8-UNIVERSALK9-M), Version 03.08.06.E RELEASE SOFTWARE (fc4)"
"ENCORE-HUB605.Encore.ncl.com","10.70.0.126","cisco WS-C4507R+E","Switch IGMP","TenGigabitEthernet2/1/27","TenGigabitEthernet3/2","Cisco IOS Software, IOS-XE Software, Catalyst 4500 L3 Switch  Software (cat4500es8-UNIVERSALK9-M), Version 03.08.06.E RELEASE SOFTWARE (fc4)"
"ENCORE-HUB605.Encore.ncl.com","10.70.0.126","cisco WS-C4507R+E","Switch IGMP","TenGigabitEthernet2/2/27","TenGigabitEthernet4/2","Cisco IOS Software, IOS-XE Software, Catalyst 4500 L3 Switch  Software (cat4500es8-UNIVERSALK9-M), Version 03.08.06.E RELEASE SOFTWARE (fc4)"
"ENCORE-3850-HUB110.encore.ncl.com","10.0.6.1","cisco WS-C3850-24XU","Switch IGMP","TenGigabitEthernet1/5/3","TenGigabitEthernet1/1/4","Cisco IOS Software [Denali], Catalyst L3 Switch Software (CAT3K_CAA-UNIVERSALK9-M), Version 16.3.6, RELEASE SOFTWARE (fc3)"
"ENCORE-3850-HUB110.encore.ncl.com","10.0.6.1","cisco WS-C3850-24XU","Switch IGMP","TenGigabitEthernet2/5/3","TenGigabitEthernet2/1/4","Cisco IOS Software [Denali], Catalyst L3 Switch Software (CAT3K_CAA-UNIVERSALK9-M), Version 16.3.6, RELEASE SOFTWARE (fc3)"
"NCL_Encore_SEC_LAN.SW.mtnsat.com","10.151.213.11","cisco WS-C3650-48TD","Switch IGMP","GigabitEthernet2/7/18","GigabitEthernet1/0/44","Cisco IOS Software [Denali], Catalyst L3 Switch Software (CAT3K_CAA-UNIVERSALK9-M), Version 16.3.7, RELEASE SOFTWARE (fc4)"
"NCL_Encore_SEC_LAN.SW.mtnsat.com","10.151.213.11","cisco WS-C3650-48TD","Switch IGMP","GigabitEthernet2/7/23","GigabitEthernet1/0/46","Cisco IOS Software [Denali], Catalyst L3 Switch Software (CAT3K_CAA-UNIVERSALK9-M), Version 16.3.7, RELEASE SOFTWARE (fc4)"
"ENCORE-HUB609.encore.ncl.com","10.70.0.128","cisco WS-C4507R+E","Switch IGMP","TenGigabitEthernet1/1/29","TenGigabitEthernet3/1","Cisco IOS Software, IOS-XE Software, Catalyst 4500 L3 Switch  Software (cat4500es8-UNIVERSALK9-M), Version 03.08.06.E RELEASE SOFTWARE (fc4)"
"ENCORE-HUB609.encore.ncl.com","10.70.0.128","cisco WS-C4507R+E","Switch IGMP","TenGigabitEthernet2/1/29","TenGigabitEthernet3/2","Cisco IOS Software, IOS-XE Software, Catalyst 4500 L3 Switch  Software (cat4500es8-UNIVERSALK9-M), Version 03.08.06.E RELEASE SOFTWARE (fc4)"
"ENCORE-HUB609.encore.ncl.com","10.70.0.128","cisco WS-C4507R+E","Switch IGMP","TenGigabitEthernet1/2/29","TenGigabitEthernet4/1","Cisco IOS Software, IOS-XE Software, Catalyst 4500 L3 Switch  Software (cat4500es8-UNIVERSALK9-M), Version 03.08.06.E RELEASE SOFTWARE (fc4)"
"ENCORE-HUB609.encore.ncl.com","10.70.0.128","cisco WS-C4507R+E","Switch IGMP","TenGigabitEthernet2/2/29","TenGigabitEthernet4/2","Cisco IOS Software, IOS-XE Software, Catalyst 4500 L3 Switch  Software (cat4500es8-UNIVERSALK9-M), Version 03.08.06.E RELEASE SOFTWARE (fc4)"
"ENCORE-WLC","10.70.0.250","AIR-CT8540-K9","Host","TenGigabitEthernet1/1/32","TenGigabitEthernet0/0/1","Manufacturer's Name: Cisco Systems Inc.  Product Name: Cisco Controller  Product Version: 8.8.125.0  RTOS Version: 8.8.125.0  Bootloader Version: 8.1.102.0  Build Type: DATA + WPS"
"ENCORE-WLC","10.70.0.250","AIR-CT8540-K9","Host","TenGigabitEthernet1/5/32","TenGigabitEthernet0/0/2","Manufacturer's Name: Cisco Systems Inc.  Product Name: Cisco Controller  Product Version: 8.8.125.0  RTOS Version: 8.8.125.0  Bootloader Version: 8.1.102.0  Build Type: DATA + WPS"
"ENCORE-WLC","10.70.0.250","AIR-CT8540-K9","Host","TenGigabitEthernet1/6/1","TenGigabitEthernet0/0/3","Manufacturer's Name: Cisco Systems Inc.  Product Name: Cisco Controller  Product Version: 8.8.125.0  RTOS Version: 8.8.125.0  Bootloader Version: 8.1.102.0  Build Type: DATA + WPS"
"ENCORE-WLC","10.70.0.250","AIR-CT8540-K9","Host","TenGigabitEthernet1/6/2","TenGigabitEthernet0/0/4","Manufacturer's Name: Cisco Systems Inc.  Product Name: Cisco Controller  Product Version: 8.8.125.0  RTOS Version: 8.8.125.0  Bootloader Version: 8.1.102.0  Build Type: DATA + WPS"
"ENCORE-HUB209.encore.ncl.com","10.70.0.106","cisco WS-C4510R+E","Switch IGMP","TenGigabitEthernet2/1/7","TenGigabitEthernet5/2","Cisco IOS Software, IOS-XE Software, Catalyst 4500 L3 Switch  Software (cat4500es8-UNIVERSALK9-M), Version 03.08.06.E RELEASE SOFTWARE (fc4)"
"ENCORE-HUB209.encore.ncl.com","10.70.0.106","cisco WS-C4510R+E","Switch IGMP","TenGigabitEthernet2/2/7","TenGigabitEthernet6/2","Cisco IOS Software, IOS-XE Software, Catalyst 4500 L3 Switch  Software (cat4500es8-UNIVERSALK9-M), Version 03.08.06.E RELEASE SOFTWARE (fc4)"
"ENCORE-HUB209.encore.ncl.com","10.70.0.106","cisco WS-C4510R+E","Switch IGMP","TenGigabitEthernet1/2/7","TenGigabitEthernet6/1","Cisco IOS Software, IOS-XE Software, Catalyst 4500 L3 Switch  Software (cat4500es8-UNIVERSALK9-M), Version 03.08.06.E RELEASE SOFTWARE (fc4)"
"ENCORE-HUB209.encore.ncl.com","10.70.0.106","cisco WS-C4510R+E","Switch IGMP","TenGigabitEthernet1/1/7","TenGigabitEthernet5/1","Cisco IOS Software, IOS-XE Software, Catalyst 4500 L3 Switch  Software (cat4500es8-UNIVERSALK9-M), Version 03.08.06.E RELEASE SOFTWARE (fc4)"
"ENCORE-HUB104.encore.ncl.com","10.70.0.100","cisco WS-C4507R+E","Switch IGMP","TenGigabitEthernet1/1/1","TenGigabitEthernet3/1","Cisco IOS Software, IOS-XE Software, Catalyst 4500 L3 Switch  Software (cat4500es8-UNIVERSALK9-M), Version 03.08.06.E RELEASE SOFTWARE (fc4)"
"ENCORE-HUB104.encore.ncl.com","10.70.0.100","cisco WS-C4507R+E","Switch IGMP","TenGigabitEthernet2/2/1","TenGigabitEthernet4/2","Cisco IOS Software, IOS-XE Software, Catalyst 4500 L3 Switch  Software (cat4500es8-UNIVERSALK9-M), Version 03.08.06.E RELEASE SOFTWARE (fc4)"
"ENCORE-HUB104.encore.ncl.com","10.70.0.100","cisco WS-C4507R+E","Switch IGMP","TenGigabitEthernet1/2/1","TenGigabitEthernet4/1","Cisco IOS Software, IOS-XE Software, Catalyst 4500 L3 Switch  Software (cat4500es8-UNIVERSALK9-M), Version 03.08.06.E RELEASE SOFTWARE (fc4)"
"ENCORE-HUB104.encore.ncl.com","10.70.0.100","cisco WS-C4507R+E","Switch IGMP","TenGigabitEthernet2/1/1","TenGigabitEthernet3/2","Cisco IOS Software, IOS-XE Software, Catalyst 4500 L3 Switch  Software (cat4500es8-UNIVERSALK9-M), Version 03.08.06.E RELEASE SOFTWARE (fc4)"
"ENCORE-HUB216.encore.ncl.com","10.70.0.108","cisco WS-C4507R+E","Switch IGMP","TenGigabitEthernet1/2/9","TenGigabitEthernet4/1","Cisco IOS Software, IOS-XE Software, Catalyst 4500 L3 Switch  Software (cat4500es8-UNIVERSALK9-M), Version 03.08.06.E RELEASE SOFTWARE (fc4)"
"ENCORE-HUB216.encore.ncl.com","10.70.0.108","cisco WS-C4507R+E","Switch IGMP","TenGigabitEthernet2/2/9","TenGigabitEthernet4/2","Cisco IOS Software, IOS-XE Software, Catalyst 4500 L3 Switch  Software (cat4500es8-UNIVERSALK9-M), Version 03.08.06.E RELEASE SOFTWARE (fc4)"
"ENCORE-HUB216.encore.ncl.com","10.70.0.108","cisco WS-C4507R+E","Switch IGMP","TenGigabitEthernet2/1/9","TenGigabitEthernet3/2","Cisco IOS Software, IOS-XE Software, Catalyst 4500 L3 Switch  Software (cat4500es8-UNIVERSALK9-M), Version 03.08.06.E RELEASE SOFTWARE (fc4)"
"ENCORE-HUB216.encore.ncl.com","10.70.0.108","cisco WS-C4507R+E","Switch IGMP","TenGigabitEthernet1/1/9","TenGigabitEthernet3/1","Cisco IOS Software, IOS-XE Software, Catalyst 4500 L3 Switch  Software (cat4500es8-UNIVERSALK9-M), Version 03.08.06.E RELEASE SOFTWARE (fc4)"
"ENCORE-HUB107.encore.ncl.com","10.70.0.101","cisco WS-C4507R+E","Switch IGMP","TenGigabitEthernet2/2/2","TenGigabitEthernet4/2","Cisco IOS Software, IOS-XE Software, Catalyst 4500 L3 Switch  Software (cat4500es8-UNIVERSALK9-M), Version 03.08.06.E RELEASE SOFTWARE (fc4)"
"ENCORE-HUB107.encore.ncl.com","10.70.0.101","cisco WS-C4507R+E","Switch IGMP","TenGigabitEthernet1/2/2","TenGigabitEthernet4/1","Cisco IOS Software, IOS-XE Software, Catalyst 4500 L3 Switch  Software (cat4500es8-UNIVERSALK9-M), Version 03.08.06.E RELEASE SOFTWARE (fc4)"
"ENCORE-HUB107.encore.ncl.com","10.70.0.101","cisco WS-C4507R+E","Switch IGMP","TenGigabitEthernet1/1/2","TenGigabitEthernet3/1","Cisco IOS Software, IOS-XE Software, Catalyst 4500 L3 Switch  Software (cat4500es8-UNIVERSALK9-M), Version 03.08.06.E RELEASE SOFTWARE (fc4)"
"ENCORE-HUB107.encore.ncl.com","10.70.0.101","cisco WS-C4507R+E","Switch IGMP","TenGigabitEthernet2/1/2","TenGigabitEthernet3/2","Cisco IOS Software, IOS-XE Software, Catalyst 4500 L3 Switch  Software (cat4500es8-UNIVERSALK9-M), Version 03.08.06.E RELEASE SOFTWARE (fc4)"
"ENCORE-HUB512.encore.ncl.com","10.70.0.124","cisco WS-C4507R+E","Switch IGMP","TenGigabitEthernet2/1/25","TenGigabitEthernet3/2","Cisco IOS Software, IOS-XE Software, Catalyst 4500 L3 Switch  Software (cat4500es8-UNIVERSALK9-M), Version 03.08.06.E RELEASE SOFTWARE (fc4)"
"ENCORE-HUB512.encore.ncl.com","10.70.0.124","cisco WS-C4507R+E","Switch IGMP","TenGigabitEthernet1/2/25","TenGigabitEthernet4/1","Cisco IOS Software, IOS-XE Software, Catalyst 4500 L3 Switch  Software (cat4500es8-UNIVERSALK9-M), Version 03.08.06.E RELEASE SOFTWARE (fc4)"
"ENCORE-HUB512.encore.ncl.com","10.70.0.124","cisco WS-C4507R+E","Switch IGMP","TenGigabitEthernet1/1/25","TenGigabitEthernet3/1","Cisco IOS Software, IOS-XE Software, Catalyst 4500 L3 Switch  Software (cat4500es8-UNIVERSALK9-M), Version 03.08.06.E RELEASE SOFTWARE (fc4)"
"ENCORE-HUB512.encore.ncl.com","10.70.0.124","cisco WS-C4507R+E","Switch IGMP","TenGigabitEthernet2/2/25","TenGigabitEthernet4/2","Cisco IOS Software, IOS-XE Software, Catalyst 4500 L3 Switch  Software (cat4500es8-UNIVERSALK9-M), Version 03.08.06.E RELEASE SOFTWARE (fc4)"
"ENCORE-HUB304.encore.ncl.com","10.70.0.110","cisco WS-C4507R+E","Switch IGMP","TenGigabitEthernet2/2/11","TenGigabitEthernet4/2","Cisco IOS Software, IOS-XE Software, Catalyst 4500 L3 Switch  Software (cat4500es8-UNIVERSALK9-M), Version 03.08.06.E RELEASE SOFTWARE (fc4)"
"ENCORE-HUB304.encore.ncl.com","10.70.0.110","cisco WS-C4507R+E","Switch IGMP","TenGigabitEthernet2/1/11","TenGigabitEthernet3/2","Cisco IOS Software, IOS-XE Software, Catalyst 4500 L3 Switch  Software (cat4500es8-UNIVERSALK9-M), Version 03.08.06.E RELEASE SOFTWARE (fc4)"
"ENCORE-HUB304.encore.ncl.com","10.70.0.110","cisco WS-C4507R+E","Switch IGMP","TenGigabitEthernet1/1/11","TenGigabitEthernet3/1","Cisco IOS Software, IOS-XE Software, Catalyst 4500 L3 Switch  Software (cat4500es8-UNIVERSALK9-M), Version 03.08.06.E RELEASE SOFTWARE (fc4)"
"ENCORE-HUB304.encore.ncl.com","10.70.0.110","cisco WS-C4507R+E","Switch IGMP","TenGigabitEthernet1/2/11","TenGigabitEthernet4/1","Cisco IOS Software, IOS-XE Software, Catalyst 4500 L3 Switch  Software (cat4500es8-UNIVERSALK9-M), Version 03.08.06.E RELEASE SOFTWARE (fc4)"
"ENCORE-HUB403.encore.ncl.com","10.70.0.116","cisco WS-C4507R+E","Switch IGMP","TenGigabitEthernet2/2/17","TenGigabitEthernet4/2","Cisco IOS Software, IOS-XE Software, Catalyst 4500 L3 Switch  Software (cat4500es8-UNIVERSALK9-M), Version 03.08.06.E RELEASE SOFTWARE (fc4)"
"ENCORE-HUB403.encore.ncl.com","10.70.0.116","cisco WS-C4507R+E","Switch IGMP","TenGigabitEthernet1/2/17","TenGigabitEthernet4/1","Cisco IOS Software, IOS-XE Software, Catalyst 4500 L3 Switch  Software (cat4500es8-UNIVERSALK9-M), Version 03.08.06.E RELEASE SOFTWARE (fc4)"
"ENCORE-HUB403.encore.ncl.com","10.70.0.116","cisco WS-C4507R+E","Switch IGMP","TenGigabitEthernet2/1/17","TenGigabitEthernet3/2","Cisco IOS Software, IOS-XE Software, Catalyst 4500 L3 Switch  Software (cat4500es8-UNIVERSALK9-M), Version 03.08.06.E RELEASE SOFTWARE (fc4)"
"ENCORE-HUB403.encore.ncl.com","10.70.0.116","cisco WS-C4507R+E","Switch IGMP","TenGigabitEthernet1/1/17","TenGigabitEthernet3/1","Cisco IOS Software, IOS-XE Software, Catalyst 4500 L3 Switch  Software (cat4500es8-UNIVERSALK9-M), Version 03.08.06.E RELEASE SOFTWARE (fc4)"
"ENCORE-HUB607.encore.ncl.com","10.70.0.127","cisco WS-C4507R+E","Switch IGMP","TenGigabitEthernet2/1/28","TenGigabitEthernet3/2","Cisco IOS Software, IOS-XE Software, Catalyst 4500 L3 Switch  Software (cat4500es8-UNIVERSALK9-M), Version 03.08.06.E RELEASE SOFTWARE (fc4)"
"ENCORE-HUB607.encore.ncl.com","10.70.0.127","cisco WS-C4507R+E","Switch IGMP","TenGigabitEthernet1/2/28","TenGigabitEthernet4/1","Cisco IOS Software, IOS-XE Software, Catalyst 4500 L3 Switch  Software (cat4500es8-UNIVERSALK9-M), Version 03.08.06.E RELEASE SOFTWARE (fc4)"
"ENCORE-HUB607.encore.ncl.com","10.70.0.127","cisco WS-C4507R+E","Switch IGMP","TenGigabitEthernet1/1/28","TenGigabitEthernet3/1","Cisco IOS Software, IOS-XE Software, Catalyst 4500 L3 Switch  Software (cat4500es8-UNIVERSALK9-M), Version 03.08.06.E RELEASE SOFTWARE (fc4)"
"ENCORE-HUB607.encore.ncl.com","10.70.0.127","cisco WS-C4507R+E","Switch IGMP","TenGigabitEthernet2/2/28","TenGigabitEthernet4/2","Cisco IOS Software, IOS-XE Software, Catalyst 4500 L3 Switch  Software (cat4500es8-UNIVERSALK9-M), Version 03.08.06.E RELEASE SOFTWARE (fc4)"
"ENCORE-HUB515.encore.ncl.com","10.70.0.125","cisco WS-C4510R+E","Switch IGMP","TenGigabitEthernet1/2/26","TenGigabitEthernet6/1","Cisco IOS Software, IOS-XE Software, Catalyst 4500 L3 Switch  Software (cat4500es8-UNIVERSALK9-M), Version 03.08.06.E RELEASE SOFTWARE (fc4)"
"ENCORE-HUB515.encore.ncl.com","10.70.0.125","cisco WS-C4510R+E","Switch IGMP","TenGigabitEthernet2/1/26","TenGigabitEthernet5/2","Cisco IOS Software, IOS-XE Software, Catalyst 4500 L3 Switch  Software (cat4500es8-UNIVERSALK9-M), Version 03.08.06.E RELEASE SOFTWARE (fc4)"
"ENCORE-HUB515.encore.ncl.com","10.70.0.125","cisco WS-C4510R+E","Switch IGMP","TenGigabitEthernet2/2/26","TenGigabitEthernet6/2","Cisco IOS Software, IOS-XE Software, Catalyst 4500 L3 Switch  Software (cat4500es8-UNIVERSALK9-M), Version 03.08.06.E RELEASE SOFTWARE (fc4)"
"ENCORE-HUB515.encore.ncl.com","10.70.0.125","cisco WS-C4510R+E","Switch IGMP","TenGigabitEthernet1/1/26","TenGigabitEthernet5/1","Cisco IOS Software, IOS-XE Software, Catalyst 4500 L3 Switch  Software (cat4500es8-UNIVERSALK9-M), Version 03.08.06.E RELEASE SOFTWARE (fc4)"
"ENCORE-HUB310.encore.ncl.com","10.70.0.113","cisco WS-C4507R+E","Switch IGMP","TenGigabitEthernet1/2/14","TenGigabitEthernet4/1","Cisco IOS Software, IOS-XE Software, Catalyst 4500 L3 Switch  Software (cat4500es8-UNIVERSALK9-M), Version 03.08.06.E RELEASE SOFTWARE (fc4)"
"ENCORE-HUB310.encore.ncl.com","10.70.0.113","cisco WS-C4507R+E","Switch IGMP","TenGigabitEthernet2/2/14","TenGigabitEthernet4/2","Cisco IOS Software, IOS-XE Software, Catalyst 4500 L3 Switch  Software (cat4500es8-UNIVERSALK9-M), Version 03.08.06.E RELEASE SOFTWARE (fc4)"
"ENCORE-HUB310.encore.ncl.com","10.70.0.113","cisco WS-C4507R+E","Switch IGMP","TenGigabitEthernet1/1/14","TenGigabitEthernet3/1","Cisco IOS Software, IOS-XE Software, Catalyst 4500 L3 Switch  Software (cat4500es8-UNIVERSALK9-M), Version 03.08.06.E RELEASE SOFTWARE (fc4)"
"ENCORE-HUB310.encore.ncl.com","10.70.0.113","cisco WS-C4507R+E","Switch IGMP","TenGigabitEthernet2/1/14","TenGigabitEthernet3/2","Cisco IOS Software, IOS-XE Software, Catalyst 4500 L3 Switch  Software (cat4500es8-UNIVERSALK9-M), Version 03.08.06.E RELEASE SOFTWARE (fc4)"
"ENCORE-HUB507.encore.ncl.com","10.70.0.123","cisco WS-C4510R+E","Switch IGMP","TenGigabitEthernet1/2/24","TenGigabitEthernet6/1","Cisco IOS Software, IOS-XE Software, Catalyst 4500 L3 Switch  Software (cat4500es8-UNIVERSALK9-M), Version 03.08.06.E RELEASE SOFTWARE (fc4)"
"ENCORE-HUB507.encore.ncl.com","10.70.0.123","cisco WS-C4510R+E","Switch IGMP","TenGigabitEthernet2/1/24","TenGigabitEthernet5/2","Cisco IOS Software, IOS-XE Software, Catalyst 4500 L3 Switch  Software (cat4500es8-UNIVERSALK9-M), Version 03.08.06.E RELEASE SOFTWARE (fc4)"
"ENCORE-HUB507.encore.ncl.com","10.70.0.123","cisco WS-C4510R+E","Switch IGMP","TenGigabitEthernet1/1/24","TenGigabitEthernet5/1","Cisco IOS Software, IOS-XE Software, Catalyst 4500 L3 Switch  Software (cat4500es8-UNIVERSALK9-M), Version 03.08.06.E RELEASE SOFTWARE (fc4)"
"ENCORE-HUB507.encore.ncl.com","10.70.0.123","cisco WS-C4510R+E","Switch IGMP","TenGigabitEthernet2/2/24","TenGigabitEthernet6/2","Cisco IOS Software, IOS-XE Software, Catalyst 4500 L3 Switch  Software (cat4500es8-UNIVERSALK9-M), Version 03.08.06.E RELEASE SOFTWARE (fc4)"
"ENCORE-HUB407.encore.ncl.com","10.70.0.118","cisco WS-C4510R+E","Switch IGMP","TenGigabitEthernet2/2/19","TenGigabitEthernet6/2","Cisco IOS Software, IOS-XE Software, Catalyst 4500 L3 Switch  Software (cat4500es8-UNIVERSALK9-M), Version 03.08.06.E RELEASE SOFTWARE (fc4)"
"ENCORE-HUB407.encore.ncl.com","10.70.0.118","cisco WS-C4510R+E","Switch IGMP","TenGigabitEthernet1/2/19","TenGigabitEthernet6/1","Cisco IOS Software, IOS-XE Software, Catalyst 4500 L3 Switch  Software (cat4500es8-UNIVERSALK9-M), Version 03.08.06.E RELEASE SOFTWARE (fc4)"
"ENCORE-HUB407.encore.ncl.com","10.70.0.118","cisco WS-C4510R+E","Switch IGMP","TenGigabitEthernet1/1/19","TenGigabitEthernet5/1","Cisco IOS Software, IOS-XE Software, Catalyst 4500 L3 Switch  Software (cat4500es8-UNIVERSALK9-M), Version 03.08.06.E RELEASE SOFTWARE (fc4)"
"ENCORE-HUB407.encore.ncl.com","10.70.0.118","cisco WS-C4510R+E","Switch IGMP","TenGigabitEthernet2/1/19","TenGigabitEthernet5/2","Cisco IOS Software, IOS-XE Software, Catalyst 4500 L3 Switch  Software (cat4500es8-UNIVERSALK9-M), Version 03.08.06.E RELEASE SOFTWARE (fc4)"
"NCL_Encore_PRI_LAN.SW.mtnsat.com","10.151.213.3","cisco WS-C3650-48TD","Switch IGMP","GigabitEthernet1/7/18","GigabitEthernet1/0/44","Cisco IOS Software [Denali], Catalyst L3 Switch Software (CAT3K_CAA-UNIVERSALK9-M), Version 16.3.7, RELEASE SOFTWARE (fc4)"
"NCL_Encore_PRI_LAN.SW.mtnsat.com","10.151.213.3","cisco WS-C3650-48TD","Switch IGMP","GigabitEthernet1/7/19","GigabitEthernet1/0/42","Cisco IOS Software [Denali], Catalyst L3 Switch Software (CAT3K_CAA-UNIVERSALK9-M), Version 16.3.7, RELEASE SOFTWARE (fc4)"
"NCL_Encore_PRI_LAN.SW.mtnsat.com","10.151.213.3","cisco WS-C3650-48TD","Switch IGMP","GigabitEthernet1/7/20","GigabitEthernet1/0/38","Cisco IOS Software [Denali], Catalyst L3 Switch Software (CAT3K_CAA-UNIVERSALK9-M), Version 16.3.7, RELEASE SOFTWARE (fc4)"
"NCL_Encore_PRI_LAN.SW.mtnsat.com","10.151.213.3","cisco WS-C3650-48TD","Switch IGMP","GigabitEthernet1/7/21","GigabitEthernet1/0/40","Cisco IOS Software [Denali], Catalyst L3 Switch Software (CAT3K_CAA-UNIVERSALK9-M), Version 16.3.7, RELEASE SOFTWARE (fc4)"
"NCL_Encore_PRI_LAN.SW.mtnsat.com","10.151.213.3","cisco WS-C3650-48TD","Switch IGMP","GigabitEthernet1/7/23","GigabitEthernet1/0/46","Cisco IOS Software [Denali], Catalyst L3 Switch Software (CAT3K_CAA-UNIVERSALK9-M), Version 16.3.7, RELEASE SOFTWARE (fc4)"
"NCL_Encore_PRI_LAN.SW.mtnsat.com","10.151.213.3","cisco WS-C3650-48TD","Switch IGMP","GigabitEthernet1/7/22","GigabitEthernet1/0/48","Cisco IOS Software [Denali], Catalyst L3 Switch Software (CAT3K_CAA-UNIVERSALK9-M), Version 16.3.7, RELEASE SOFTWARE (fc4)"
